{
  "models": {
    "svm": {
      "metrics": {
        "accuracy": 0.5853869433635971,
        "precision": 0.12235510579576817,
        "recall": 0.9637681159420289,
        "f1": 0.21714285714285714,
        "auc_roc": 0.7717541229385307
      },
      "confusion_matrix": {
        "tn": 1221,
        "fp": 954,
        "fn": 5,
        "tp": 133
      },
      "inference_time_ms_per_claim": 0.04901696930630453,
      "target_achievement": {
        "accuracy": false,
        "recall": false,
        "inference_time": true
      }
    },
    "random_forest": {
      "metrics": {
        "accuracy": 0.5961954172070904,
        "precision": 0.12310606060606061,
        "recall": 0.9420289855072463,
        "f1": 0.21775544388609716,
        "auc_roc": 0.7970747959353657
      },
      "confusion_matrix": {
        "tn": 1249,
        "fp": 926,
        "fn": 8,
        "tp": 130
      },
      "inference_time_ms_per_claim": 0.013416726759560155,
      "target_achievement": {
        "accuracy": false,
        "recall": false,
        "inference_time": true
      }
    },
    "xgboost": {
      "metrics": {
        "accuracy": 0.6212710765239948,
        "precision": 0.12651821862348178,
        "recall": 0.9057971014492754,
        "f1": 0.22202486678507993,
        "auc_roc": 0.8178460769615192
      },
      "confusion_matrix": {
        "tn": 1312,
        "fp": 863,
        "fn": 13,
        "tp": 125
      },
      "inference_time_ms_per_claim": 0.0008752402273173298,
      "target_achievement": {
        "accuracy": false,
        "recall": false,
        "inference_time": true
      }
    },
    "weighted_ensemble": {
      "metrics": {
        "accuracy": 0.6039775183744055,
        "precision": 0.12451737451737452,
        "recall": 0.9347826086956522,
        "f1": 0.21976149914821125,
        "auc_roc": 0.8120006663334999
      },
      "confusion_matrix": {
        "tn": 1268,
        "fp": 907,
        "fn": 9,
        "tp": 129
      },
      "inference_time_ms_per_claim": 0.06549743609019736,
      "target_achievement": {
        "accuracy": false,
        "recall": false,
        "inference_time": true
      }
    }
  },
  "best_by_recall": "svm",
  "best_by_accuracy": "xgboost"
}