{
  "best_params": {
    "svm": {
      "C": 5.0,
      "class_weight": "balanced",
      "gamma": "auto",
      "kernel": "rbf"
    },
    "random_forest": {
      "max_depth": 8,
      "min_samples_leaf": 1,
      "min_samples_split": 10,
      "n_estimators": 300
    },
    "xgboost": {
      "colsample_bytree": 1.0,
      "learning_rate": 0.05,
      "max_depth": 4,
      "n_estimators": 100,
      "subsample": 1.0
    }
  },
  "cv_metrics": {
    "svm": {
      "cv_accuracy": 0.7700966747478375,
      "cv_precision": 0.6979676771149758,
      "cv_recall": 0.9535480023852116,
      "cv_f1": 0.805830367763391
    },
    "random_forest": {
      "cv_accuracy": 0.7755110592319895,
      "cv_precision": 0.7032819314668405,
      "cv_recall": 0.9550983899821108,
      "cv_f1": 0.8098591884480353
    },
    "xgboost": {
      "cv_accuracy": 0.784792433629643,
      "cv_precision": 0.7209972252766962,
      "cv_recall": 0.9334645199761479,
      "cv_f1": 0.812846060101396
    }
  },
  "optimized_weights": {
    "weights": [
      0.0,
      0.7000000000000001,
      0.29999999999999993
    ],
    "score": 0.9571428571428573
  },
  "sampling_stats": {
    "before_counts": {
      "0": 10148,
      "1": 646
    },
    "after_counts": {
      "0": 646,
      "1": 646
    },
    "sampled_rows": 1292
  },
  "evaluation": {
    "models": {
      "svm": {
        "metrics": {
          "accuracy": 0.5853869433635971,
          "precision": 0.12235510579576817,
          "recall": 0.9637681159420289,
          "f1": 0.21714285714285714,
          "auc_roc": 0.7717541229385307
        },
        "confusion_matrix": {
          "tn": 1221,
          "fp": 954,
          "fn": 5,
          "tp": 133
        },
        "inference_time_ms_per_claim": 0.04901696930630453,
        "target_achievement": {
          "accuracy": false,
          "recall": false,
          "inference_time": true
        }
      },
      "random_forest": {
        "metrics": {
          "accuracy": 0.5961954172070904,
          "precision": 0.12310606060606061,
          "recall": 0.9420289855072463,
          "f1": 0.21775544388609716,
          "auc_roc": 0.7970747959353657
        },
        "confusion_matrix": {
          "tn": 1249,
          "fp": 926,
          "fn": 8,
          "tp": 130
        },
        "inference_time_ms_per_claim": 0.013416726759560155,
        "target_achievement": {
          "accuracy": false,
          "recall": false,
          "inference_time": true
        }
      },
      "xgboost": {
        "metrics": {
          "accuracy": 0.6212710765239948,
          "precision": 0.12651821862348178,
          "recall": 0.9057971014492754,
          "f1": 0.22202486678507993,
          "auc_roc": 0.8178460769615192
        },
        "confusion_matrix": {
          "tn": 1312,
          "fp": 863,
          "fn": 13,
          "tp": 125
        },
        "inference_time_ms_per_claim": 0.0008752402273173298,
        "target_achievement": {
          "accuracy": false,
          "recall": false,
          "inference_time": true
        }
      },
      "weighted_ensemble": {
        "metrics": {
          "accuracy": 0.6039775183744055,
          "precision": 0.12451737451737452,
          "recall": 0.9347826086956522,
          "f1": 0.21976149914821125,
          "auc_roc": 0.8120006663334999
        },
        "confusion_matrix": {
          "tn": 1268,
          "fp": 907,
          "fn": 9,
          "tp": 129
        },
        "inference_time_ms_per_claim": 0.06549743609019736,
        "target_achievement": {
          "accuracy": false,
          "recall": false,
          "inference_time": true
        }
      }
    },
    "best_by_recall": "svm",
    "best_by_accuracy": "xgboost"
  },
  "artifacts": {
    "svm": "/Users/joseph/Documents/Coding/Project Insurance/automobile-insurance-fraud-detection/ml_models/models/ensemble/individual/svm_model.joblib",
    "random_forest": "/Users/joseph/Documents/Coding/Project Insurance/automobile-insurance-fraud-detection/ml_models/models/ensemble/individual/rf_model.joblib",
    "xgboost": "/Users/joseph/Documents/Coding/Project Insurance/automobile-insurance-fraud-detection/ml_models/models/ensemble/individual/xgb_model.joblib",
    "ensemble": "/Users/joseph/Documents/Coding/Project Insurance/automobile-insurance-fraud-detection/ml_models/models/ensemble/ensemble.pkl"
  }
}